{"model_params": {"tracebackWindow": 300, "mergeMode": "Outer", "fillMergeNAMethod": "Linear", "fillMergeNAValue": 0, "source": "https://store44data.blob.core.windows.net/store44data/Store44.zip?sp=r&st=2021-11-30T03:02:17Z&se=2021-12-02T11:02:17Z&sv=2020-08-04&sr=b&sig=dHrMclZsygNq0D%2BO3iI%2BIqK%2BxM%2BVOSICzsWS%2B%2FDTlFI%3D", "startTime": "2013-01-01T00:00:00.000Z", "endTime": "2016-08-15T00:00:00.000Z", "displayName": "", "gamma": 1.0}, "variables": ["type", "locale_name", "sales", "oil_price", "transactions", "locale", "description"], "loss_message": [{"bestValidLoss": 0.0, "vaeLoss": 0.3786827708993639, "forecastLoss": 0.18813140903200423, "validVaeLoss": 0.0, "validForecastLoss": 0.0, "latency": 1.8666856288909912, "epoch": 10}, {"bestValidLoss": 0.0, "vaeLoss": 0.3410313980919974, "forecastLoss": 0.17424332244055613, "validVaeLoss": 0.0, "validForecastLoss": 0.0, "latency": 1.541398048400879, "epoch": 20}, {"bestValidLoss": 0.0, "vaeLoss": 0.32749591980661663, "forecastLoss": 0.16871225088834763, "validVaeLoss": 0.0, "validForecastLoss": 0.0, "latency": 1.6094796657562256, "epoch": 30}, {"bestValidLoss": 0.0, "vaeLoss": 0.3270539087908609, "forecastLoss": 0.1678471075637, "validVaeLoss": 0.0, "validForecastLoss": 0.0, "latency": 1.6241979598999023, "epoch": 40}, {"bestValidLoss": 0.0, "vaeLoss": 0.32612217536994387, "forecastLoss": 0.16125833136694773, "validVaeLoss": 0.0, "validForecastLoss": 0.0, "latency": 1.5067956447601318, "epoch": 50}, {"bestValidLoss": 0.0, "vaeLoss": 0.3196619323321751, "forecastLoss": 0.15415247636181967, "validVaeLoss": 0.0, "validForecastLoss": 0.0, "latency": 1.666900396347046, "epoch": 60}, {"bestValidLoss": 0.0, "vaeLoss": 0.32054729972566876, "forecastLoss": 0.15597571751901082, "validVaeLoss": 0.0, "validForecastLoss": 0.0, "latency": 1.5053939819335938, "epoch": 70}, {"bestValidLoss": 0.0, "vaeLoss": 0.31172907778194975, "forecastLoss": 0.1426503679582051, "validVaeLoss": 0.0, "validForecastLoss": 0.0, "latency": 1.5677213668823242, "epoch": 80}, {"bestValidLoss": 0.0, "vaeLoss": 0.3172939590045384, "forecastLoss": 0.15907920258385794, "validVaeLoss": 0.0, "validForecastLoss": 0.0, "latency": 1.7176785469055176, "epoch": 90}, {"bestValidLoss": 0.0, "vaeLoss": 0.3153420771871294, "forecastLoss": 0.1468750685453415, "validVaeLoss": 0.0, "validForecastLoss": 0.0, "latency": 1.5189628601074219, "epoch": 100}], "missing_info": [{"variable": "sales", "effectiveCount": 1323, "startTime": "2013-01-01T00:00:00Z", "endTime": "2016-08-15T00:00:00Z", "missingRatio": 0.0, "errors": []}, {"variable": "type", "effectiveCount": 1323, "startTime": "2013-01-01T00:00:00Z", "endTime": "2016-08-15T00:00:00Z", "missingRatio": 0.0, "errors": []}, {"variable": "locale", "effectiveCount": 1323, "startTime": "2013-01-01T00:00:00Z", "endTime": "2016-08-15T00:00:00Z", "missingRatio": 0.0, "errors": []}, {"variable": "transactions", "effectiveCount": 1323, "startTime": "2013-01-01T00:00:00Z", "endTime": "2016-08-15T00:00:00Z", "missingRatio": 0.0, "errors": []}, {"variable": "locale_name", "effectiveCount": 1323, "startTime": "2013-01-01T00:00:00Z", "endTime": "2016-08-15T00:00:00Z", "missingRatio": 0.0, "errors": []}, {"variable": "oil_price", "effectiveCount": 1323, "startTime": "2013-01-01T00:00:00Z", "endTime": "2016-08-15T00:00:00Z", "missingRatio": 0.0, "errors": []}, {"variable": "description", "effectiveCount": 1323, "startTime": "2013-01-01T00:00:00Z", "endTime": "2016-08-15T00:00:00Z", "missingRatio": 0.0, "errors": []}], "errors": []}